name,CMC,Type,Color,Set,Collector Number,Rarity,Color Category,status,Finish,maybeboard,image URL,image Back URL,tags,Notes,MTGO ID
"Benevolent Bodyguard",1,"Creature - Human Cleric",W,"jud","5",common,White,Owned,Non-foil,false,,,"","",17354
"Caravan Escort",1,"Creature - Human Knight",W,"ddp","3",common,White,Owned,Non-foil,false,,,"","",
"Doomed Traveler",1,"Creature - Human Soldier",W,"ima","16",common,White,Owned,Non-foil,false,,,"","",65911
"Faerie Guidemother",1,"Creature - Faerie",W,"eld","11",common,White,Owned,Non-foil,false,,,"","",78110
"Gideon's Lawkeeper",1,"Creature - Human Soldier",W,"m12","18",common,White,Owned,Non-foil,false,,,"","",41529
"Goldmeadow Harrier",1,"Creature - Kithkin Soldier",W,"lrw","17",common,White,Owned,Non-foil,false,,,"","",28185
"Icatian Javelineers",1,"Creature - Human Soldier",W,"ddo","14",common,White,Owned,Non-foil,false,,,"","",
"Lagonna-Band Trailblazer",1,"Creature - Centaur Scout",W,"jou","14",common,White,Owned,Non-foil,false,,,"","",52020
"Lunarch Veteran",1,"Creature - Human Cleric",W,"mid","27",common,White,Owned,Non-foil,false,,,"","",92980
"Sacred Cat",1,"Creature - Cat",W,"akh","27",common,White,Owned,Non-foil,false,,,"","",63656
"Thraben Inspector",1,"Creature - Human Soldier",W,"2xm","35",common,White,Owned,Non-foil,false,,,"","",82104
"Akroan Skyguard",2,"Creature - Human Soldier",W,"bng","3",common,White,Owned,Non-foil,false,,,"","",51571
"Dawnbringer Cleric",2,"Creature - Human Cleric",W,"afr","9",common,White,Owned,Non-foil,false,,,"","",91520
"Gust Walker",2,"Creature - Human Wizard",W,"akh","17",common,White,Owned,Non-foil,false,,,"","",63636
"Kor Skyfisher",2,"Creature - Kor Soldier",W,"ddo","16",common,White,Owned,Non-foil,false,,,"","",
"Leonin Skyhunter",2,"Creature - Cat Knight",W,"9ed","25",uncommon,White,Owned,Non-foil,false,,,"","",22793
"Raffine's Informant",2,"Creature - Human Wizard",W,"snc","26",common,White,Owned,Non-foil,false,,,"","",98271
"Seeker of the Way",2,"Creature - Human Warrior",W,"ktk","22",uncommon,White,Owned,Non-foil,false,,,"","",54270
"Spirited Companion",2,"Enchantment Creature - Dog",W,"neo","38",common,White,Owned,Non-foil,false,,,"","",96990
"Suture Priest",2,"Creature - Phyrexian Cleric",W,"nph","25",common,White,Owned,Non-foil,false,,,"","",39766
"Syndic of Tithes",2,"Creature - Human Cleric",W,"gtc","26",common,White,Owned,Non-foil,false,,,"","",47817
"Ardenvale Tactician",3,"Creature - Human Knight",W,"eld","5",common,White,Owned,Non-foil,false,,,"","",78096
"Argivian Cavalier",3,"Creature - Orc Knight",W,"dmu","4",common,White,Owned,Non-foil,false,,,"","",102484
"Aven Riftwatcher",3,"Creature - Bird Rebel Soldier",W,"tsr","6",common,White,Owned,Non-foil,false,,,"","",86375
"Glint-Sleeve Artisan",3,"Creature - Dwarf Artificer",W,"2xm","18",common,White,Owned,Non-foil,false,,,"","",82070
"Heliod's Pilgrim",3,"Creature - Human Cleric",W,"uma","19",common,White,Owned,Non-foil,false,,,"","",70111
"Inspiring Overseer",3,"Creature - Angel Cleric",W,"snc","18",common,White,Owned,Non-foil,false,,,"","",98255
"Kor Sanctifiers",3,"Creature - Kor Cleric",W,"zen","22",common,White,Owned,Non-foil,false,,,"","",34664
"Midnight Guard",3,"Creature - Human Soldier",W,"dka","14",common,White,Owned,Non-foil,false,,,"","",43437
"Militia Bugler",3,"Creature - Human Soldier",W,"m19","29",uncommon,White,Owned,Non-foil,false,,,"","",68219
"Pilgrim of the Ages",3,"Creature - Spirit",W,"stx","22",common,White,Owned,Non-foil,false,,,"","",88521
"Porcelain Legionnaire",3,"Artifact Creature - Soldier",W,"nph","19",common,White,Owned,Non-foil,false,,,"","",39834
"Priest of Ancient Lore",3,"Creature - Dwarf Cleric",W,"afr","35",common,White,Owned,Non-foil,false,,,"","",91572
"Roving Harper",3,"Creature - Elf Scout",W,"clb","40",common,White,Owned,Non-foil,false,,,"","",100078
"Sandsteppe Outcast",3,"Creature - Human Warrior",W,"frf","25",common,White,Owned,Non-foil,false,,,"","",55460
"Tethmos High Priest",3,"Creature - Cat Cleric",W,"uma","40",common,White,Owned,Non-foil,false,,,"","",70153
"Wingsteed Rider",3,"Creature - Human Knight",W,"uma","43",common,White,Owned,Non-foil,false,,,"","",70159
"Coalition Honor Guard",4,"Creature - Human Flagbearer",W,"ema","6",common,White,Owned,Non-foil,false,,,"","",60661
"Combat Professor",4,"Creature - Bird Cleric",W,"stx","11",common,White,Owned,Non-foil,false,,,"","",88499
"Guardian of the Guildpact",4,"Creature - Spirit",W,"dis","10",common,White,Owned,Non-foil,false,,,"","",24303
"Palace Sentinels",4,"Creature - Human Soldier",W,"cn2","19",common,White,Owned,Non-foil,false,,,"","",
"Relief Captain",4,"Creature - Kor Knight Ally",W,"gn2","11",uncommon,White,Owned,Non-foil,false,,,"","",79720
"Rhox Veteran",4,"Creature - Rhino Soldier",W,"mh1","24",common,White,Owned,Non-foil,false,,,"","",72420
"Search Party Captain",4,"Creature - Human Soldier",W,"mid","32",common,White,Owned,Non-foil,false,,,"","",92994
"Angel of the Dawn",5,"Creature - Angel",W,"2xm","4",common,White,Owned,Non-foil,false,,,"","",82042
"Custodi Squire",5,"Creature - Spirit Cleric",W,"cns","18",common,White,Owned,Non-foil,false,,,"","",
"Disciple of the Sun",5,"Creature - Human Cleric",W,"mh2","11",common,White,Owned,Non-foil,false,,,"","",90391
"Totem-Guide Hartebeest",5,"Creature - Antelope",W,"roe","50",common,White,Owned,Non-foil,false,,,"","",36746
"Argivian Phalanx",6,"Creature - Human Kor Soldier",W,"dmu","5",common,White,Owned,Non-foil,false,,,"","",102486
"Soul of Migration",7,"Creature - Elemental",W,"mh2","33",common,White,Owned,Non-foil,false,,,"","",90435
"Emerge Unscathed",1,"Instant",W,"roe","20",uncommon,White,Owned,Non-foil,false,,,"","",36714
"Ephemerate",1,"Instant",W,"mh1","7",common,White,Owned,Non-foil,false,,,"","",72386
"Apostle's Blessing",2,"Instant",W,"nph","2",common,White,Owned,Non-foil,false,,,"","",39684
"Momentary Blink",2,"Instant",W,"tsp","29",common,White,Owned,Non-foil,false,,,"","",25533
"Raise the Alarm",2,"Instant",W,"md1","8",common,White,Owned,Non-foil,false,,,"","",
"You Hear Something on Watch",2,"Instant",W,"afr","42",common,White,Owned,Non-foil,false,,,"","",91586
"Break Ties",3,"Instant",W,"mh2","8",common,White,Owned,Non-foil,false,,,"","",90385
"Prismatic Strands",3,"Instant",W,"jud","18",common,White,Owned,Non-foil,false,,,"","",17390
"Rally the Peasants",3,"Instant",W,"uma","28",uncommon,White,Owned,Non-foil,false,,,"","",70129
"Battle Screech",4,"Sorcery",W,"jud","3",uncommon,White,Owned,Non-foil,false,,,"","",17412
"Cenn's Enlistment",4,"Sorcery",W,"mma","9",common,White,Owned,Non-foil,false,,,"","",48780
"Late to Dinner",4,"Sorcery",W,"mh2","19",common,White,Owned,Non-foil,false,,,"","",90407
"Settle Beyond Reality",5,"Sorcery",W,"mh1","27",common,White,Owned,Non-foil,false,,,"","",72426
"Triplicate Spirits",6,"Sorcery",W,"m15","40",common,White,Owned,Non-foil,false,,,"","",53614
"Ancestral Blade",2,"Artifact - Equipment",W,"m20","3",uncommon,White,Owned,Non-foil,false,,,"","",72905
"Cartouche of Solidarity",1,"Enchantment - Aura Cartouche",W,"akh","7",common,White,Owned,Non-foil,false,,,"","",63616
"Ethereal Armor",1,"Enchantment - Aura",W,"tsr","293",special,White,Owned,Non-foil,false,,,"","",86963
"Hyena Umbra",1,"Enchantment - Aura",W,"uma","21",common,White,Owned,Non-foil,false,,,"","",70115
"Sentinel's Eyes",1,"Enchantment - Aura",W,"thb","36",common,White,Owned,Non-foil,false,,,"","",79196
"Angelic Gift",2,"Enchantment - Aura",W,"bbd","88",common,White,Owned,Non-foil,false,,,"","",
"Benevolent Blessing",2,"Enchantment - Aura",W,"cmr","13",common,White,Owned,Non-foil,false,,,"","",84808
"Conviction",2,"Enchantment - Aura",W,"sth","5",common,White,Owned,Non-foil,false,,,"","",10215
"Journey to Nowhere",2,"Enchantment",W,"zen","14",common,White,Owned,Non-foil,false,,,"","",34390
"Pacifism",2,"Enchantment - Aura",W,"jmp","125",common,White,Owned,Non-foil,false,,,"","",
"Temporal Isolation",2,"Enchantment - Aura",W,"tsr","48",common,White,Owned,Non-foil,false,,,"","",86459
"Citizen's Arrest",3,"Enchantment",W,"dmu","11",common,White,Owned,Non-foil,false,,,"","",102498
"Hobble",3,"Enchantment - Aura",W,"pls","7",common,White,Owned,Non-foil,false,,,"","",15141
"Oblivion Ring",3,"Enchantment",W,"lrw","34",common,White,Owned,Non-foil,false,,,"","",28229
"Faith's Fetters",4,"Enchantment - Aura",W,"cmr","20",uncommon,White,Owned,Non-foil,false,,,"","",84822
"Knightly Valor",5,"Enchantment - Aura",W,"rtr","13",common,White,Owned,Non-foil,false,,,"","",46569
"Delver of Secrets",1,"Creature - Human Wizard",U,"isd","51",common,Blue,Owned,Non-foil,false,,,"","",42436
"Faerie Seer",1,"Creature - Faerie Wizard",U,"mh1","51",common,Blue,Owned,Non-foil,false,,,"","",72474
"Floodhound",1,"Creature - Elemental Dog",U,"mh2","42",common,Blue,Owned,Non-foil,false,,,"","",90453
"Augur of Bolas",2,"Creature - Merfolk Wizard",U,"c13","30",uncommon,Blue,Owned,Non-foil,false,,,"","",51228
"Dream Stalker",2,"Creature - Illusion",U,"ddm","7",common,Blue,Owned,Non-foil,false,,,"","",52530
"Elusive Spellfist",2,"Creature - Human Monk",U,"ima","54",common,Blue,Owned,Non-foil,false,,,"","",65987
"Faerie Duelist",2,"Creature - Faerie Rogue",U,"rna","39",common,Blue,Owned,Non-foil,false,,,"","",71078
"Fathom Seer",2,"Creature - Illusion",U,"tsp","62",common,Blue,Owned,Non-foil,false,,,"","",25841
"Jeskai Elder",2,"Creature - Human Monk",U,"2x2","53",common,Blue,Owned,Non-foil,false,,,"","",101590
"Looter il-Kor",2,"Creature - Kor Rogue",U,"tsr","74",common,Blue,Owned,Non-foil,false,,,"","",86511
"Moon-Circuit Hacker",2,"Enchantment Creature - Human Ninja",U,"neo","67",common,Blue,Owned,Non-foil,false,,,"","",97054
"Sky Theater Strix",2,"Creature - Bird",U,"war","67",common,Blue,Owned,Non-foil,false,,,"","",71740
"Spellstutter Sprite",2,"Creature - Faerie Wizard",U,"mma","65",common,Blue,Owned,Non-foil,false,,,"","",48678
"Aven Eternal",3,"Creature - Zombie Bird Warrior",U,"war","42",common,Blue,Owned,Non-foil,false,,,"","",71690
"Aviation Pioneer",3,"Creature - Human Artificer",U,"m19","46",common,Blue,Owned,Non-foil,false,,,"","",68253
"Cloudkin Seer",3,"Creature - Elemental Wizard",U,"m20","54",common,Blue,Owned,Non-foil,false,,,"","",73007
"Eldrazi Skyspawner",3,"Creature - Eldrazi Drone",U,"bfz","58",common,Blue,Owned,Non-foil,false,,,"","",58341
"Etherium Spinner",3,"Artifact Creature - Human Wizard",U,"mh2","40",common,Blue,Owned,Non-foil,false,,,"","",90449
"Frost Trickster",3,"Creature - Bird Wizard",U,"stx","43",common,Blue,Owned,Non-foil,false,,,"","",88563
"Jhessian Thief",3,"Creature - Human Rogue",U,"ima","61",common,Blue,Owned,Non-foil,false,,,"","",66001
"Man-o'-War",3,"Creature - Jellyfish",U,"ddo","38",common,Blue,Owned,Non-foil,false,,,"","",
"Pestermite",3,"Creature - Faerie Rogue",U,"mma","59",common,Blue,Owned,Non-foil,false,,,"","",48676
"Sea Gate Oracle",3,"Creature - Human Wizard",U,"ddm","10",common,Blue,Owned,Non-foil,false,,,"","",52401
"Soulknife Spy",3,"Creature - Elf Rogue",U,"afr","75",common,Blue,Owned,Non-foil,false,,,"","",91652
"Stormbound Geist",3,"Creature - Spirit",U,"dka","51",common,Blue,Owned,Non-foil,false,,,"","",43309
"Tandem Lookout",3,"Creature - Human Scout",U,"ddq","29",uncommon,Blue,Owned,Non-foil,false,,,"","",
"Trinket Mage",3,"Creature - Human Wizard",U,"tsr","320",special,Blue,Owned,Non-foil,false,,,"","",87017
"Winter Eladrin",3,"Creature - Faerie Elf Wizard",U,"clb","104",common,Blue,Owned,Non-foil,false,,,"","",100216
"Aarakocra Sneak",4,"Creature - Bird Rogue",U,"clb","54",common,Blue,Owned,Non-foil,false,,,"","",100106
"Archaeomancer",4,"Creature - Human Wizard",U,"m14","43",common,Blue,Owned,Non-foil,false,,,"","",49321
"Azure Fleet Admiral",4,"Creature - Human Pirate",U,"cmr","58",common,Blue,Owned,Non-foil,false,,,"","",84898
"Drownyard Explorers",4,"Creature - Human Wizard",U,"soi","56",common,Blue,Owned,Non-foil,false,,,"","",60158
"Echo Inspector",4,"Creature - Bird Rogue",U,"snc","40",common,Blue,Owned,Non-foil,false,,,"","",98299
"Mist Raven",4,"Creature - Bird",U,"mm3","43",common,Blue,Owned,Non-foil,false,,,"","",63347
"Moonblade Shinobi",4,"Creature - Human Ninja",U,"mh1","59",common,Blue,Owned,Non-foil,false,,,"","",72490
"Ninja of the Deep Hours",4,"Creature - Human Ninja",U,"tsr","313",special,Blue,Owned,Non-foil,false,,,"","",87003
"Organ Hoarder",4,"Creature - Zombie",U,"mid","66",common,Blue,Owned,Non-foil,false,,,"","",93074
"Dreamtail Heron",5,"Creature - Elemental Bird",U,"iko","47",common,Blue,Owned,Non-foil,false,,,"","",80103
"Mnemonic Wall",5,"Creature - Wall",U,"cn2","116",common,Blue,Owned,Non-foil,false,,,"","",
"Mulldrifter",5,"Creature - Elemental",U,"khc","42",uncommon,Blue,Owned,Non-foil,false,,,"","",87989
"Pondering Mage",5,"Creature - Human Wizard",U,"mh1","63",common,Blue,Owned,Non-foil,false,,,"","",72498
"Aethersnipe",6,"Creature - Elemental",U,"dd2","17",common,Blue,Owned,Non-foil,false,,,"","",31552
"Mirrorshell Crab",7,"Artifact Creature - Crab",U,"neo","63",common,Blue,Owned,Non-foil,false,,,"","",97044
"Striped Riverwinder",7,"Creature - Serpent",U,"hou","48",common,Blue,Owned,Non-foil,false,,,"","",64580
"Tolarian Terror",7,"Creature - Serpent",U,"dmu","72",common,Blue,Owned,Non-foil,false,,,"","",102620
"Brainstorm",1,"Instant",U,"c21","115",common,Blue,Owned,Non-foil,false,,,"","",89331
"Condescend",1,"Instant",U,"dd2","28",common,Blue,Owned,Non-foil,false,,,"","",31621
"Repeal",1,"Instant",U,"ddn","72",common,Blue,Owned,Non-foil,false,,,"","",
"Blink of an Eye",2,"Instant",U,"dom","46",common,Blue,Owned,Non-foil,false,,,"","",67557
"Counterspell",2,"Instant",U,"3ed","54",uncommon,Blue,Owned,Non-foil,false,,,"","",
"Essence Scatter",2,"Instant",U,"ddt","6",common,Blue,Owned,Non-foil,false,,,"","",
"Impulse",2,"Instant",U,"btd","10",common,Blue,Owned,Non-foil,false,,,"","",
"Jilt",2,"Instant",U,"apc","27",common,Blue,Owned,Non-foil,false,,,"","",16172
"Logic Knot",2,"Instant",U,"mma","51",common,Blue,Owned,Non-foil,false,,,"","",48632
"Lose Focus",2,"Instant",U,"mh2","49",common,Blue,Owned,Non-foil,false,,,"","",90467
"Mana Leak",2,"Instant",U,"ima","66",common,Blue,Owned,Non-foil,false,,,"","",66011
"Miscalculation",2,"Instant",U,"ulg","36",common,Blue,Owned,Non-foil,false,,,"","",12607
"Negate",2,"Instant",U,"ogw","59",common,Blue,Owned,Non-foil,false,,,"","",59511
"Remove Soul",2,"Instant",U,"s99","49",common,Blue,Owned,Non-foil,false,,,"","",
"Snap",2,"Instant",U,"dds","10",common,Blue,Owned,Non-foil,false,,,"","",
"Think Twice",2,"Instant",U,"tsp","86",common,Blue,Owned,Non-foil,false,,,"","",25419
"Aether Tradewinds",3,"Instant",U,"kld","38",common,Blue,Owned,Non-foil,false,,,"","",61653
"Capsize",3,"Instant",U,"tmp","55",common,Blue,Owned,Non-foil,false,,,"","",9641
"Exclude",3,"Instant",U,"mh1","48",uncommon,Blue,Owned,Non-foil,false,,,"","",72468
"Ghostly Flicker",3,"Instant",U,"khc","39",common,Blue,Owned,Non-foil,false,,,"","",87983
"Repulse",3,"Instant",U,"cn2","119",common,Blue,Owned,Non-foil,false,,,"","",
"Behold the Multiverse",4,"Instant",U,"khm","46",common,Blue,Owned,Non-foil,false,,,"","",87417
"Hard Evidence",1,"Sorcery",U,"mh2","46",common,Blue,Owned,Non-foil,false,,,"","",90461
"Ponder",1,"Sorcery",U,"m10","68",common,Blue,Owned,Non-foil,false,,,"","",32923
"Preordain",1,"Sorcery",U,"cmr","84",common,Blue,Owned,Non-foil,false,,,"","",84950
"Serum Visions",1,"Sorcery",U,"mm3","49",uncommon,Blue,Owned,Non-foil,false,,,"","",63505
"Compulsive Research",3,"Sorcery",U,"sta","14",rare,Blue,Owned,Non-foil,false,,,"","",89085
"Of One Mind",3,"Sorcery",U,"iko","60",common,Blue,Owned,Non-foil,false,,,"","",80129
"Probe",3,"Sorcery",U,"inv","66",common,Blue,Owned,Non-foil,false,,,"","",14527
"Deep Analysis",4,"Sorcery",U,"tor","36",common,Blue,Owned,Non-foil,false,,,"","",17135
"Mantle of Tides",1,"Artifact - Equipment",U,"eld","52",common,Blue,Owned,Non-foil,false,,,"","",78212
"Bubble Snare",1,"Enchantment - Aura",U,"znr","47",common,Blue,Owned,Non-foil,false,,,"","",83043
"Cartouche of Knowledge",2,"Enchantment - Aura Cartouche",U,"akh","45",common,Blue,Owned,Non-foil,false,,,"","",63692
"The Modern Age",2,"Enchantment - Saga",U,"neo","66",common,Blue,Owned,Non-foil,false,,,"","",97050
"Reality Acid",3,"Enchantment - Aura",U,"plc","45",common,Blue,Owned,Non-foil,false,,,"","",26385
"Ecstatic Awakener",1,"Creature - Human Wizard",B,"mid","100",common,Black,Owned,Non-foil,false,,,"","",93154
"Fume Spitter",1,"Creature - Phyrexian Horror",B,"som","63",common,Black,Owned,Non-foil,false,,,"","",38449
"Carrier Thrall",2,"Creature - Vampire",B,"2x2","72",common,Black,Owned,Non-foil,false,,,"","",101628
"Cuombajj Witches",2,"Creature - Human Wizard",B,"cmr","116",uncommon,Black,Owned,Non-foil,false,,,"","",85014
"Dusk Legion Zealot",2,"Creature - Vampire Soldier",B,"rix","70",common,Black,Owned,Non-foil,false,,,"","",66593
"Mesmeric Fiend",2,"Creature - Nightmare Horror",B,"ddk","7",common,Black,Owned,Non-foil,false,,,"","",48087
"Putrid Goblin",2,"Creature - Zombie Goblin",B,"mh1","101",common,Black,Owned,Non-foil,false,,,"","",72574
"Sinister Starfish",2,"Creature - Starfish",B,"mh2","99",common,Black,Owned,Non-foil,false,,,"","",90571
"Vault Skirge",2,"Artifact Creature - Phyrexian Imp",B,"nph","76",common,Black,Owned,Non-foil,false,,,"","",39770
"Audacious Thief",3,"Creature - Human Rogue",B,"m20","84",common,Black,Owned,Non-foil,false,,,"","",73067
"Chittering Rats",3,"Creature - Rat",B,"dst","39",common,Black,Owned,Non-foil,false,,,"","",20387
"Crypt Rats",3,"Creature - Rat",B,"vis","55",common,Black,Owned,Non-foil,false,,,"","",7509
"Fleshbag Marauder",3,"Creature - Zombie Warrior",B,"cmr","128",common,Black,Owned,Non-foil,false,,,"","",85038
"Liliana's Specter",3,"Creature - Specter",B,"m11","104",common,Black,Owned,Non-foil,false,,,"","",37352
"Phyrexian Rager",3,"Creature - Phyrexian Horror",B,"gvl","39",common,Black,Owned,Non-foil,false,,,"","",
"Bone Picker",4,"Creature - Bird",B,"jmp","212",uncommon,Black,Owned,Non-foil,false,,,"","",
"Faceless Butcher",4,"Creature - Nightmare Horror",B,"tor","60",common,Black,Owned,Non-foil,false,,,"","",17179
"Falkenrath Noble",4,"Creature - Vampire Noble",B,"mm3","70",common,Black,Owned,Non-foil,false,,,"","",63275
"Gravedigger",4,"Creature - Zombie",B,"m20","103",uncommon,Black,Owned,Non-foil,false,,,"","",73105
"Skeleton Archer",4,"Creature - Skeleton Archer",B,"m20","324",common,Black,Owned,Non-foil,false,,,"","",73565
"Thorn of the Black Rose",4,"Creature - Human Assassin",B,"cmr","154",common,Black,Owned,Non-foil,false,,,"","",85090
"Vicious Battlerager",4,"Creature - Dwarf Barbarian",B,"clb","155",common,Black,Owned,Non-foil,false,,,"","",100330
"Blade Juggler",5,"Creature - Human Rogue",B,"rna","63",common,Black,Owned,Non-foil,false,,,"","",71126
"Girder Goons",5,"Creature - Ogre Warrior",B,"snc","80",common,Black,Owned,Non-foil,false,,,"","",98379
"Gray Merchant of Asphodel",5,"Creature - Zombie",B,"c14","146",common,Black,Owned,Non-foil,false,,,"","",55089
"Okiba-Gang Shinobi",5,"Creature - Rat Ninja",B,"pca","35",common,Black,Owned,Non-foil,false,,,"","",
"Underdark Explorer",5,"Creature - Lizard Warrior",B,"clb","154",common,Black,Owned,Non-foil,false,,,"","",100328
"Vampire Sovereign",5,"Creature - Vampire Noble",B,"2x2","97",common,Black,Owned,Non-foil,false,,,"","",101678
"Warren Pilferers",5,"Creature - Goblin Rogue",B,"mma","103",common,Black,Owned,Non-foil,false,,,"","",48722
"First-Sphere Gargantua",6,"Creature - Phyrexian Horror",B,"mh1","91",common,Black,Owned,Non-foil,false,,,"","",72554
"Sultai Scavenger",6,"Creature - Bird Warrior",B,"ktk","91",common,Black,Owned,Non-foil,false,,,"","",54324
"Tithebearer Giant",6,"Creature - Giant Warrior",B,"war","107",common,Black,Owned,Non-foil,false,,,"","",71820
"Twisted Abomination",6,"Creature - Zombie Mutant",B,"cns","129",common,Black,Owned,Non-foil,false,,,"","",
"Gurmag Angler",7,"Creature - Zombie Fish",B,"tsr","324",special,Black,Owned,Non-foil,false,,,"","",87025
"Reaper of Night",7,"Creature - Specter",B,"eld","102",common,Black,Owned,Non-foil,false,,,"","",78322
"Writhing Necromass",7,"Creature - Zombie Giant",B,"dmu","115",common,Black,Owned,Non-foil,false,,,"","",102706
"Defile",1,"Instant",B,"mh1","86",common,Black,Owned,Non-foil,false,,,"","",72544
"Undying Evil",1,"Instant",B,"dka","77",common,Black,Owned,Non-foil,false,,,"","",43393
"Cast Down",2,"Instant",B,"dom","81",uncommon,Black,Owned,Non-foil,false,,,"","",67627
"Diabolic Edict",2,"Instant",B,"mh1","87",common,Black,Owned,Non-foil,false,,,"","",72546
"Doom Blade",2,"Instant",B,"m12","95",common,Black,Owned,Non-foil,false,,,"","",41205
"Echoing Decay",2,"Instant",B,"plst","DST-41",common,Black,Owned,Non-foil,false,,,"","",
"Geth's Verdict",2,"Instant",B,"nph","61",common,Black,Owned,Non-foil,false,,,"","",39736
"Grim Harvest",2,"Instant",B,"plst","CSP-58",common,Black,Owned,Non-foil,false,,,"","",
"Nameless Inversion",2,"Tribal Instant - Shapeshifter",B,"mm2","87",common,Black,Owned,Non-foil,false,,,"","",57048
"Terror",2,"Instant",B,"ced","131",common,Black,Owned,Non-foil,false,,,"","",
"Tragic Fall",2,"Instant",B,"mh2","104",common,Black,Owned,Non-foil,false,,,"","",90581
"Victim of Night",2,"Instant",B,"ddq","67",common,Black,Owned,Non-foil,false,,,"","",
"Murder",3,"Instant",B,"znc","47",common,Black,Owned,Non-foil,false,,,"","",
"Ob Nixilis's Cruelty",3,"Instant",B,"war","101",common,Black,Owned,Non-foil,false,,,"","",71808
"Reaping the Graves",3,"Instant",B,"scg","72",common,Black,Owned,Non-foil,false,,,"","",18870
"Strangling Soot",3,"Instant",B,"ddk","65",common,Black,Owned,Non-foil,false,,,"","",48179
"Suffocating Fumes",3,"Instant",B,"iko","100",common,Black,Owned,Non-foil,false,,,"","",80209
"Snuff Out",4,"Instant",B,"mmq","162",common,Black,Owned,Non-foil,false,,,"","",13495
"Duress",1,"Sorcery",B,"xln","105",common,Black,Owned,Non-foil,false,,,"","",65226
"Innocent Blood",1,"Sorcery",B,"ema","94",common,Black,Owned,Non-foil,false,,,"","",60691
"Unearth",1,"Sorcery",B,"mh1","113",common,Black,Owned,Non-foil,false,,,"","",72598
"Chainer's Edict",2,"Sorcery",B,"tor","57",uncommon,Black,Owned,Non-foil,false,,,"","",17205
"Nausea",2,"Sorcery",B,"ema","97",common,Black,Owned,Non-foil,false,,,"","",60931
"Night's Whisper",2,"Sorcery",B,"ddm","68",uncommon,Black,Owned,Non-foil,false,,,"","",52509
"Sign in Blood",2,"Sorcery",B,"sta","32",rare,Black,Owned,Non-foil,false,,,"","",89121
"Wrench Mind",2,"Sorcery",B,"ima","115",common,Black,Owned,Non-foil,false,,,"","",66109
"Ashes to Ashes",3,"Sorcery",B,"4ed","119",uncommon,Black,Owned,Non-foil,false,,,"","",
"Ichor Slick",3,"Sorcery",B,"gvl","51",common,Black,Owned,Non-foil,false,,,"","",
"Read the Bones",3,"Sorcery",B,"ddp","56",common,Black,Owned,Non-foil,false,,,"","",
"Evincar's Justice",4,"Sorcery",B,"cmd","80",common,Black,Owned,Non-foil,false,,,"","",40479
"Eyeblight Massacre",4,"Sorcery",B,"khc","49",uncommon,Black,Owned,Non-foil,false,,,"","",88003
"Moan of the Unhallowed",4,"Sorcery",B,"uma","107",common,Black,Owned,Non-foil,false,,,"","",70287
"Corrupt",6,"Sorcery",B,"usg","124",common,Black,Owned,Non-foil,false,,,"","",11993
"Blood Fountain",1,"Artifact",B,"dbl","362",common,Black,Owned,Non-foil,false,,,"","",95788
"Executioner's Capsule",1,"Artifact",B,"2xm","92",common,Black,Owned,Non-foil,false,,,"","",82218
"Dead Weight",1,"Enchantment - Aura",B,"isd","96",common,Black,Owned,Non-foil,false,,,"","",42314
"Okiba Reckoner Raid",1,"Enchantment - Saga",B,"neo","117",common,Black,Owned,Non-foil,false,,,"","",97158
"Omen of the Dead",1,"Enchantment",B,"thb","110",common,Black,Owned,Non-foil,false,,,"","",79344
"Vampiric Link",1,"Enchantment - Aura",B,"plc","92",common,Black,Owned,Non-foil,false,,,"","",26251
"Cartouche of Ambition",3,"Enchantment - Aura Cartouche",B,"akh","83",common,Black,Owned,Non-foil,false,,,"","",63768
"Oubliette",3,"Enchantment",B,"arn","31",common,Black,Owned,Non-foil,false,,,"","",
"Dogged Pursuit",4,"Enchantment",B,"khm","85",common,Black,Owned,Non-foil,false,,,"","",87497
"Ill-Gotten Inheritance",4,"Enchantment",B,"rna","77",common,Black,Owned,Non-foil,false,,,"","",71154
"Pestilence",4,"Enchantment",B,"brb","49",uncommon,Black,Owned,Non-foil,false,,,"","",
"Fanatical Firebrand",1,"Creature - Goblin Pirate",R,"jmp","315",common,Red,Owned,Non-foil,false,,,"","",
"Frenzied Goblin",1,"Creature - Goblin Berserker",R,"gk1","81",uncommon,Red,Owned,Non-foil,false,,,"","",
"Goblin Bushwhacker",1,"Creature - Goblin Warrior",R,"plst","ZEN-125",common,Red,Owned,Non-foil,false,,,"","",
"Monastery Swiftspear",1,"Creature - Human Monk",R,"2x2","362",common,Red,Owned,Non-foil,false,,,"","",
"Aether Chaser",2,"Creature - Human Artificer",R,"aer","76",common,Red,Owned,Non-foil,false,,,"","",62715
"Burning Prophet",2,"Creature - Human Wizard",R,"war","117",common,Red,Owned,Non-foil,false,,,"","",71840
"Chandra's Magmutt",2,"Creature - Elemental Dog",R,"m21","137",common,Red,Owned,Non-foil,false,,,"","",81501
"Dark-Dweller Oracle",2,"Creature - Goblin Shaman",R,"afc","119",rare,Red,Owned,Non-foil,false,,,"","",
"Firebrand Archer",2,"Creature - Human Archer",R,"hou","92",common,Red,Owned,Non-foil,false,,,"","",64668
"Fireslinger",2,"Creature - Human Wizard",R,"dd2","36",common,Red,Owned,Non-foil,false,,,"","",31536
"Ghitu Amplifier",2,"Creature - Human Wizard",R,"dmu","127",common,Red,Owned,Non-foil,false,,,"","",102730
"Goblin Instigator",2,"Creature - Goblin Rogue",R,"m19","142",common,Red,Owned,Non-foil,false,,,"","",68445
"Gore-House Chainwalker",2,"Creature - Human Warrior",R,"rtr","96",common,Red,Owned,Non-foil,false,,,"","",46607
"Mage-Ring Bully",2,"Creature - Human Warrior",R,"ori","154",common,Red,Owned,Non-foil,false,,,"","",57986
"Mayhem Patrol",2,"Creature - Devil Warrior",R,"snc","114",common,Red,Owned,Non-foil,false,,,"","",98447
"Mogg War Marshal",2,"Creature - Goblin Warrior",R,"tsr","176",common,Red,Owned,Non-foil,false,,,"","",86723
"Rimrock Knight",2,"Creature - Dwarf Knight",R,"eld","137",common,Red,Owned,Non-foil,false,,,"","",78402
"Thermo-Alchemist",2,"Creature - Human Shaman",R,"jmp","365",common,Red,Owned,Non-foil,false,,,"","",
"Underworld Rage-Hound",2,"Creature - Elemental Dog",R,"thb","163",common,Red,Owned,Non-foil,false,,,"","",79450
"Exhibition Magician",3,"Creature - Human Wizard",R,"snc","106",common,Red,Owned,Non-foil,false,,,"","",98431
"Ghirapur Gearcrafter",3,"Creature - Human Artificer",R,"ddu","46",common,Red,Owned,Non-foil,false,,,"","",
"Ghitu Slinger",3,"Creature - Human Nomad",R,"ulg","77",common,Red,Owned,Non-foil,false,,,"","",12531
"Goblin Matron",3,"Creature - Goblin",R,"mh1","129",uncommon,Red,Owned,Non-foil,false,,,"","",72630
"Hissing Iguanar",3,"Creature - Lizard",R,"ala","104",common,Red,Owned,Non-foil,false,,,"","",30941
"Irreverent Revelers",3,"Creature - Satyr",R,"thb","143",common,Red,Owned,Non-foil,false,,,"","",79410
"Skophos Reaver",3,"Creature - Minotaur Warrior",R,"mh2","140",common,Red,Owned,Non-foil,false,,,"","",90657
"Vulshok Sorcerer",3,"Creature - Human Shaman",R,"5dn","80",common,Red,Owned,Non-foil,false,,,"","",20814
"Witty Roastmaster",3,"Creature - Devil Citizen",R,"snc","131",common,Red,Owned,Non-foil,false,,,"","",98481
"Wojek Bodyguard",3,"Creature - Human Soldier",R,"grn","120",common,Red,Owned,Non-foil,false,,,"","",69613
"Ardent Elementalist",4,"Creature - Human Shaman",R,"mid","128",common,Red,Owned,Non-foil,false,,,"","",93222
"Beetleback Chief",4,"Creature - Goblin Warrior",R,"pc2","40",uncommon,Red,Owned,Non-foil,false,,,"","",45056
"Crimson Fleet Commodore",4,"Creature - Ogre Pirate",R,"cmr","171",common,Red,Owned,Non-foil,false,,,"","",85124
"Goblin Heelcutter",4,"Creature - Goblin Berserker",R,"frf","102",common,Red,Owned,Non-foil,false,,,"","",55478
"Living Lightning",4,"Creature - Elemental Shaman",R,"2x2","118",common,Red,Owned,Non-foil,false,,,"","",101720
"Stirring Bard",4,"Creature - Dragon Bard",R,"clb","195",common,Red,Owned,Non-foil,false,,,"","",100414
"Swarming Goblins",5,"Creature - Goblin",R,"afr","162",common,Red,Owned,Non-foil,false,,,"","",91826
"Boarding Party",6,"Creature - Human Pirate",R,"cmr","163",common,Red,Owned,Non-foil,false,,,"","",85108
"Revolutionist",6,"Creature - Human Wizard",R,"mh2","139",common,Red,Owned,Non-foil,false,,,"","",90655
"Gargadon",7,"Creature - Beast",R,"mh2","128",common,Red,Owned,Non-foil,false,,,"","",90633
"Burst Lightning",1,"Instant",R,"zen","119",common,Red,Owned,Non-foil,false,,,"","",34408
"Dynacharge",1,"Instant",R,"mm3","94",common,Red,Owned,Non-foil,false,,,"","",63365
"Lightning Bolt",1,"Instant",R,"ced","162",common,Red,Owned,Non-foil,false,,,"","",
"Abrade",2,"Instant",R,"2xm","114",common,Red,Owned,Non-foil,false,,,"","",82262
"Fire Prophecy",2,"Instant",R,"iko","116",common,Red,Owned,Non-foil,false,,,"","",80241
"Incinerate",2,"Instant",R,"m12","146",common,Red,Owned,Non-foil,false,,,"","",41135
"Jaya's Greeting",2,"Instant",R,"war","136",common,Red,Owned,Non-foil,false,,,"","",71878
"Lash Out",2,"Instant",R,"plst","LRW-183",common,Red,Owned,Non-foil,false,,,"","",
"Lightning Strike",2,"Instant",R,"m19","152",uncommon,Red,Owned,Non-foil,false,,,"","",68465
"Magma Jet",2,"Instant",R,"jvc","52",uncommon,Red,Owned,Non-foil,false,,,"","",
"Searing Blaze",2,"Instant",R,"wwk","90",common,Red,Owned,Non-foil,false,,,"","",35559
"Searing Spear",2,"Instant",R,"m13","147",common,Red,Owned,Non-foil,false,,,"","",45526
"Fiery Cannonade",3,"Instant",R,"cmr","178",common,Red,Owned,Non-foil,false,,,"","",85138
"Fiery Temper",3,"Instant",R,"uma","129",common,Red,Owned,Non-foil,false,,,"","",70331
"Staggershock",3,"Instant",R,"ima","147",uncommon,Red,Owned,Non-foil,false,,,"","",66173
"Flame Lash",4,"Instant",R,"jmp","316",common,Red,Owned,Non-foil,false,,,"","",
"Goblin Wizardry",4,"Instant",R,"m21","148",common,Red,Owned,Non-foil,false,,,"","",81523
"Mine Collapse",4,"Instant",R,"mh2","135",common,Red,Owned,Non-foil,false,,,"","",90647
"Fireblast",6,"Instant",R,"pd2","26",common,Red,Owned,Non-foil,false,,,"","",39224
"Chain Lightning",1,"Sorcery",R,"ema","123",uncommon,Red,Owned,Non-foil,false,,,"","",60669
"Faithless Looting",1,"Sorcery",R,"c21","168",common,Red,Owned,Non-foil,false,,,"","",89437
"Firebolt",1,"Sorcery",R,"dd2","49",common,Red,Owned,Non-foil,false,,,"","",31590
"Flame Slash",1,"Sorcery",R,"roe","145",common,Red,Owned,Non-foil,false,,,"","",36640
"Strangle",1,"Sorcery",R,"snc","125",common,Red,Owned,Non-foil,false,,,"","",98469
"Dragon Fodder",2,"Sorcery",R,"ddg","65",common,Red,Owned,Non-foil,false,,,"","",40154
"Forbidden Friendship",2,"Sorcery",R,"iko","119",common,Red,Owned,Non-foil,false,,,"","",80247
"Krenko's Command",2,"Sorcery",R,"ddn","25",common,Red,Owned,Non-foil,false,,,"","",
"Lava Coil",2,"Sorcery",R,"2x2","116",common,Red,Owned,Non-foil,false,,,"","",101716
"Reckless Impulse",2,"Sorcery",R,"vow","174",common,Red,Owned,Non-foil,false,,,"","",94692
"Roil Eruption",2,"Sorcery",R,"znr","155",common,Red,Owned,Non-foil,false,,,"","",83285
"Rolling Thunder",2,"Sorcery",R,"tmp","198",common,Red,Owned,Non-foil,false,,,"","",9595
"Arc Lightning",3,"Sorcery",R,"usg","174",common,Red,Owned,Non-foil,false,,,"","",12065
"Hordeling Outburst",3,"Sorcery",R,"ddt","51",uncommon,Red,Owned,Non-foil,false,,,"","",
"Rift Bolt",3,"Sorcery",R,"tsp","176",common,Red,Owned,Non-foil,false,,,"","",25477
"Skewer the Critics",3,"Sorcery",R,"rna","115",common,Red,Owned,Non-foil,false,,,"","",71230
"Dwarven Reinforcements",4,"Sorcery",R,"khm","134",common,Red,Owned,Non-foil,false,,,"","",87603
"Flurry of Horns",5,"Sorcery",R,"jou","96",common,Red,Owned,Non-foil,false,,,"","",52002
"Pyrotechnics",5,"Sorcery",R,"leg","161",common,Red,Owned,Non-foil,false,,,"","",
"Experimental Synthesizer",1,"Artifact",R,"neo","138",common,Red,Owned,Non-foil,false,,,"","",97204
"Lightning Spear",2,"Artifact - Equipment",R,"mh2","134",common,Red,Owned,Non-foil,false,,,"","",90645
"Makeshift Munitions",2,"Enchantment",R,"cmr","191",common,Red,Owned,Non-foil,false,,,"","",85164
"Arbor Elf",1,"Creature - Elf Druid",G,"a25","160",common,Green,Owned,Non-foil,false,,,"","",67234
"Avacyn's Pilgrim",1,"Creature - Human Monk",G,"isd","170",common,Green,Owned,Non-foil,false,,,"","",42678
"Elves of Deep Shadow",1,"Creature - Elf Druid",G,"ddj","47",common,Green,Owned,Non-foil,false,,,"","",46150
"Elvish Mystic",1,"Creature - Elf Druid",G,"tsr","360",special,Green,Owned,Non-foil,false,,,"","",87097
"Fyndhorn Elves",1,"Creature - Elf Druid",G,"ice","244",common,Green,Owned,Non-foil,false,,,"","",
"Gladecover Scout",1,"Creature - Elf Scout",G,"m12","178",common,Green,Owned,Non-foil,false,,,"","",41361
"Jaspera Sentinel",1,"Creature - Elf Rogue",G,"khm","178",common,Green,Owned,Non-foil,false,,,"","",87695
"Llanowar Elves",1,"Creature - Elf Druid",G,"m12","182",common,Green,Owned,Non-foil,false,,,"","",41605
"Quirion Ranger",1,"Creature - Elf",G,"mh2","285",uncommon,Green,Owned,Non-foil,false,,,"","",90993
"Skarrgan Pit-Skulk",1,"Creature - Human Warrior",G,"dds","50",common,Green,Owned,Non-foil,false,,,"","",
"Young Wolf",1,"Creature - Wolf",G,"dka","134",common,Green,Owned,Non-foil,false,,,"","",43457
"Elvish Visionary",2,"Creature - Elf Shaman",G,"ori","175",common,Green,Owned,Non-foil,false,,,"","",57630
"Masked Vandal",2,"Creature - Shapeshifter",G,"khm","184",common,Green,Owned,Non-foil,false,,,"","",87711
"Mire Boa",2,"Creature - Snake",G,"plc","135",common,Green,Owned,Non-foil,false,,,"","",26277
"Nest Invader",2,"Creature - Eldrazi Drone",G,"roe","201",common,Green,Owned,Non-foil,false,,,"","",36354
"Priest of Titania",2,"Creature - Elf Druid",G,"cma","136",common,Green,Owned,Non-foil,false,,,"","",
"River Boa",2,"Creature - Snake",G,"vis","118",common,Green,Owned,Non-foil,false,,,"","",7701
"Sakura-Tribe Elder",2,"Creature - Snake Shaman",G,"c15","200",common,Green,Owned,Non-foil,false,,,"","",
"Silhana Ledgewalker",2,"Creature - Elf Rogue",G,"pc2","77",common,Green,Owned,Non-foil,false,,,"","",45160
"Sylvan Ranger",2,"Creature - Elf Scout",G,"c14","216",common,Green,Owned,Non-foil,false,,,"","",54669
"Vineshaper Prodigy",2,"Creature - Elf Druid",G,"dmu","187",common,Green,Owned,Non-foil,false,,,"","",102850
"Wall of Roots",2,"Creature - Plant Wall",G,"arc","73",common,Green,Owned,Non-foil,false,,,"","",
"Aura Gnarlid",3,"Creature - Beast",G,"pc2","55",common,Green,Owned,Non-foil,false,,,"","",44904
"Borderland Ranger",3,"Creature - Human Scout Ranger",G,"e02","31",common,Green,Owned,Non-foil,false,,,"","",
"Civic Wayfinder",3,"Creature - Elf Druid Warrior",G,"ddr","5",common,Green,Owned,Non-foil,false,,,"","",
"Elvish Branchbender",3,"Creature - Elf Druid",G,"lrw","204",common,Green,Owned,Non-foil,false,,,"","",28695
"Fierce Empath",3,"Creature - Elf",G,"cmd","155",common,Green,Owned,Non-foil,false,,,"","",40694
"Jewel Thief",3,"Creature - Cat Rogue",G,"snc","151",common,Green,Owned,Non-foil,false,,,"","",98521
"Llanowar Visionary",3,"Creature - Elf Druid",G,"m21","193",common,Green,Owned,Non-foil,false,,,"","",81613
"Rift Sower",3,"Creature - Elf Druid",G,"mh2","170",common,Green,Owned,Non-foil,false,,,"","",90717
"Springbloom Druid",3,"Creature - Elf Druid",G,"mh1","181",common,Green,Owned,Non-foil,false,,,"","",72734
"Timberwatch Elf",3,"Creature - Elf",G,"lgn","140",common,Green,Owned,Non-foil,false,,,"","",18641
"Yavimaya Elder",3,"Creature - Human Druid",G,"uds","124",common,Green,Owned,Non-foil,false,,,"","",12901
"Bannerhide Krushok",4,"Creature - Beast",G,"mh2","149",common,Green,Owned,Non-foil,false,,,"","",90675
"Blastoderm",4,"Creature - Beast",G,"ddd","7",common,Green,Owned,Non-foil,false,,,"","",34950
"Fierce Witchstalker",4,"Creature - Wolf",G,"eld","154",common,Green,Owned,Non-foil,false,,,"","",78442
"Ivy Lane Denizen",4,"Creature - Elf Warrior",G,"cmr","236",common,Green,Owned,Non-foil,false,,,"","",85254
"Kozilek's Predator",4,"Creature - Eldrazi Drone",G,"roe","193",common,Green,Owned,Non-foil,false,,,"","",36766
"Lys Alana Huntmaster",4,"Creature - Elf Warrior",G,"khc","67",common,Green,Owned,Non-foil,false,,,"","",88039
"Mold Shambler",4,"Creature - Fungus Beast",G,"c13","156",common,Green,Owned,Non-foil,false,,,"","",51032
"Nylea's Disciple",4,"Creature - Centaur Archer",G,"ths","167",common,Green,Owned,Non-foil,false,,,"","",50196
"Penumbra Spider",4,"Creature - Spider",G,"mm3","131",common,Green,Owned,Non-foil,false,,,"","",63089
"Sarulf's Packmate",4,"Creature - Wolf",G,"khm","192",common,Green,Owned,Non-foil,false,,,"","",87727
"Wickerbough Elder",4,"Creature - Treefolk Shaman",G,"uma","192",common,Green,Owned,Non-foil,false,,,"","",70457
"Avenging Hunter",5,"Creature - Dragon Ranger",G,"clb","215",common,Green,Owned,Non-foil,false,,,"","",100458
"Conclave Naturalists",5,"Creature - Dryad",G,"2xm","160",common,Green,Owned,Non-foil,false,,,"","",82354
"Entourage of Trest",5,"Creature - Elf Soldier",G,"cn2","64",common,Green,Owned,Non-foil,false,,,"","",
"Owlbear",5,"Creature - Bird Bear",G,"afr","198",common,Green,Owned,Non-foil,false,,,"","",91898
"Hooting Mandrills",6,"Creature - Ape",G,"ktk","137",common,Green,Owned,Non-foil,false,,,"","",54040
"Annoyed Altisaur",7,"Creature - Dinosaur",G,"cmr","216",common,Green,Owned,Non-foil,false,,,"","",85214
"Greater Sandwurm",7,"Creature - Wurm",G,"akh","168",common,Green,Owned,Non-foil,false,,,"","",63938
"Krosan Tusker",7,"Creature - Boar Beast",G,"c13","154",common,Green,Owned,Non-foil,false,,,"","",51238
"Maul Splicer",7,"Creature - Phyrexian Human Artificer",G,"nph","114",common,Green,Owned,Non-foil,false,,,"","",39952
"Wrecking Beast",7,"Creature - Beast",G,"rna","150",common,Green,Owned,Non-foil,false,,,"","",71300
"Walker of the Grove",8,"Creature - Elemental",G,"c13","175",uncommon,Green,Owned,Non-foil,false,,,"","",50896
"Mutagenic Growth",1,"Instant",G,"mm2","149",uncommon,Green,Owned,Non-foil,false,,,"","",57334
"Snakeskin Veil",1,"Instant",G,"sta","57",uncommon,Green,Owned,Non-foil,false,,,"","",89171
"Vines of Vastwood",1,"Instant",G,"mm2","168",common,Green,Owned,Non-foil,false,,,"","",57150
"Ram Through",2,"Instant",G,"iko","170",common,Green,Owned,Non-foil,false,,,"","",80349
"Pulse of Murasa",3,"Instant",G,"uma","179",common,Green,Owned,Non-foil,false,,,"","",70431
"Abundant Harvest",1,"Sorcery",G,"sta","48",rare,Green,Owned,Non-foil,false,,,"","",89153
"Commune with Spirits",1,"Sorcery",G,"neo","180",common,Green,Owned,Non-foil,false,,,"","",97298
"Savage Swipe",1,"Sorcery",G,"mh1","178",common,Green,Owned,Non-foil,false,,,"","",72728
"Epic Confrontation",2,"Sorcery",G,"a25","170",common,Green,Owned,Non-foil,false,,,"","",67254
"Explore",2,"Sorcery",G,"sld","114",rare,Green,Owned,Non-foil,false,,,"","",82798
"Farseek",2,"Sorcery",G,"c19","165",common,Green,Owned,Non-foil,false,,,"","",77444
"Travel Preparations",2,"Sorcery",G,"uma","188",uncommon,Multicolored,Owned,Non-foil,false,,,"","",70449
"Winding Way",2,"Sorcery",G,"mh1","193",common,Green,Owned,Non-foil,false,,,"","",72758
"Lead the Stampede",3,"Sorcery",G,"cns","170",uncommon,Green,Owned,Non-foil,false,,,"","",
"Mwonvuli Acid-Moss",4,"Sorcery",G,"tsp","207",common,Green,Owned,Non-foil,false,,,"","",25805
"Trumpeting Herd",4,"Sorcery",G,"mh1","187",common,Green,Owned,Non-foil,false,,,"","",72746
"Abundant Growth",1,"Enchantment - Aura",G,"avr","167",common,Green,Owned,Non-foil,false,,,"","",43905
"Rancor",1,"Enchantment - Aura",G,"e02","35",uncommon,Green,Owned,Non-foil,false,,,"","",
"Utopia Sprawl",1,"Enchantment - Aura",G,"a25","192",uncommon,Green,Owned,Non-foil,false,,,"","",67298
"Warbriar Blessing",2,"Enchantment - Aura",G,"thb","204",common,Green,Owned,Non-foil,false,,,"","",79532
"Ancestral Mask",3,"Enchantment - Aura",G,"mmq","229",common,Green,Owned,Non-foil,false,,,"","",13491
"Cartouche of Strength",3,"Enchantment - Aura Cartouche",G,"akh","158",common,Green,Owned,Non-foil,false,,,"","",63918
"Elephant Guide",3,"Enchantment - Aura",G,"jud","111",uncommon,Green,Owned,Non-foil,false,,,"","",17598
"Moldervine Cloak",3,"Enchantment - Aura",G,"rav","173",uncommon,Green,Owned,Non-foil,false,,,"","",23390
"Presence of Gond",3,"Enchantment - Aura",G,"c13","161",common,Green,Owned,Non-foil,false,,,"","",50908
"Gingerbrute",1,"Artifact Creature - Food Golem",,"jmp","466",common,Colorless,Owned,Non-foil,false,,,"","",
"Ornithopter of Paradise",2,"Artifact Creature - Thopter",,"mh2","232",common,Colorless,Owned,Non-foil,false,,,"","",90845
"Perilous Myr",2,"Artifact Creature - Myr",,"a25","227",uncommon,Colorless,Owned,Non-foil,false,,,"","",67368
"Pilgrim's Eye",3,"Artifact Creature - Thopter",,"gnt","55",uncommon,Colorless,Owned,Non-foil,false,,,"","",
"Skittering Surveyor",3,"Artifact Creature - Construct",,"dom","230",common,Colorless,Owned,Non-foil,false,,,"","",67925
"Dross Golem",5,"Artifact Creature - Golem",,"dst","119",common,Colorless,Owned,Non-foil,false,,,"","",20519
"Kozilek's Channeler",5,"Creature - Eldrazi",,"bfz","10",common,Colorless,Owned,Non-foil,false,,,"","",58291
"Shrine Steward",5,"Artifact Creature - Construct",,"neo","259",common,Colorless,Owned,Non-foil,false,,,"","",97468
"Staunch Throneguard",5,"Artifact Creature - Construct",,"cmr","344",common,Colorless,Owned,Non-foil,false,,,"","",85470
"Spire Golem",6,"Artifact Creature - Golem",,"dst","145",common,Colorless,Owned,Non-foil,false,,,"","",20515
"Tangle Golem",7,"Artifact Creature - Golem",,"dst","151",common,Colorless,Owned,Non-foil,false,,,"","",20531
"Wretched Gryff",7,"Creature - Eldrazi Hippogriff",,"emn","12",common,Blue,Owned,Non-foil,false,,,"","",61110
"Maelstrom Colossus",8,"Artifact Creature - Golem",,"cmr","322",common,Colorless,Owned,Non-foil,false,,,"","",85426
"Ulamog's Crusher",8,"Creature - Eldrazi",,"roe","13",common,Colorless,Owned,Non-foil,false,,,"","",36664
"Bonesplitter",1,"Artifact - Equipment",,"mrd","146",common,Colorless,Owned,Non-foil,false,,,"","",19829
"Flayer Husk",1,"Artifact - Equipment",,"2xm","256",common,Colorless,Owned,Non-foil,false,,,"","",82546
"Mind Stone",2,"Artifact",,"afc","211",uncommon,Colorless,Owned,Non-foil,false,,,"","",
"Spare Supplies",2,"Artifact",,"znr","254",common,Colorless,Owned,Non-foil,false,,,"","",83503
"Vulshok Morningstar",2,"Artifact - Equipment",,"ddi","66",uncommon,Colorless,Owned,Non-foil,false,,,"","",43776
"Pristine Talisman",3,"Artifact",,"c14","264",common,Colorless,Owned,Non-foil,false,,,"","",54947
"Renegade Freighter",3,"Artifact - Vehicle",,"kld","230",common,Colorless,Owned,Non-foil,false,,,"","",61593
"Sickleslicer",3,"Artifact - Equipment",,"2xm","287",common,Colorless,Owned,Non-foil,false,,,"","",82608
"Serrated Arrows",4,"Artifact",,"gvl","20",common,Colorless,Owned,Non-foil,false,,,"","",
"Trailblazer's Torch",4,"Artifact - Equipment",,"clb","340",common,Colorless,Owned,Non-foil,false,,,"","",100718
"Thundersteel Colossus",7,"Artifact - Vehicle",,"neo","261",common,Colorless,Owned,Non-foil,false,,,"","",97472
"Curse of Chains",2,"Enchantment - Aura",UW,"shm","139",common,Multicolored,Owned,Non-foil,false,,,"","",29461
"Deputy of Acquittals",2,"Creature - Human Wizard",UW,"dgm","65",common,Multicolored,Owned,Non-foil,false,,,"","",48478
"Chrome Courier",3,"Artifact Creature - Thopter",UW,"mh2","190",common,Multicolored,Owned,Non-foil,false,,,"","",90757
"Lyev Skyknight",3,"Creature - Human Knight",UW,"rtr","179",uncommon,Multicolored,Owned,Non-foil,false,,,"","",46419
"Agony Warp",2,"Instant",BU,"mm2","170",uncommon,Multicolored,Owned,Non-foil,false,,,"","",57098
"Cavern Harpy",2,"Creature - Harpy Beast",BU,"pls","97",common,Multicolored,Owned,Non-foil,false,,,"","",15071
"Dimir Guildmage",2,"Creature - Human Wizard",BU,"mm2","192",uncommon,Multicolored,Owned,Non-foil,false,,,"","",57442
"Recoil",3,"Instant",BU,"ddh","61",common,Multicolored,Owned,Non-foil,false,,,"","",42138
"Soul Manipulation",3,"Instant",BU,"znc","100",uncommon,Multicolored,Owned,Non-foil,false,,,"","",
"Dinrova Horror",6,"Creature - Horror",BU,"gtc","155",uncommon,Multicolored,Owned,Non-foil,false,,,"","",47665
"Fireblade Artist",2,"Creature - Human Shaman",BR,"rna","172",uncommon,Multicolored,Owned,Non-foil,false,,,"","",71344
"Terminate",2,"Instant",BR,"c16","225",common,Multicolored,Owned,Non-foil,false,,,"","",
"Blightning",3,"Sorcery",BR,"ala","156",common,Multicolored,Owned,Non-foil,false,,,"","",30983
"Burning-Tree Emissary",2,"Creature - Human Shaman",GR,"gk2","88",uncommon,Multicolored,Owned,Non-foil,false,,,"","",
"Scab-Clan Mauler",2,"Creature - Human Berserker",GR,"gk2","99",common,Multicolored,Owned,Non-foil,false,,,"","",
"Zhur-Taa Druid",2,"Creature - Human Druid",GR,"gk2","101",common,Multicolored,Owned,Non-foil,false,,,"","",
"Savage Smash",3,"Sorcery",GR,"rna","203",common,Multicolored,Owned,Non-foil,false,,,"","",71406
"Frenzied Arynx",4,"Creature - Cat Beast",GR,"rna","173",common,Multicolored,Owned,Non-foil,false,,,"","",71346
"Call of the Conclave",2,"Sorcery",GW,"gk1","109",uncommon,Multicolored,Owned,Non-foil,false,,,"","",
"Qasali Pridemage",2,"Creature - Cat Wizard",GW,"ddh","10",common,Multicolored,Owned,Non-foil,false,,,"","",42118
"Safehold Elite",2,"Creature - Elf Scout",GW,"shm","239",common,Multicolored,Owned,Non-foil,false,,,"","",29459
"Selesnya Evangel",2,"Creature - Elf Shaman",GW,"rav","228",common,Multicolored,Owned,Non-foil,false,,,"","",23202
"Armadillo Cloak",3,"Enchantment - Aura",GW,"dde","58",common,Multicolored,Owned,Non-foil,false,,,"","",35485
"Captured by Lagacs",3,"Enchantment - Aura",GW,"mh2","188",common,Multicolored,Owned,Non-foil,false,,,"","",90753
"Rosemane Centaur",5,"Creature - Centaur Soldier",GW,"grn","197",common,Multicolored,Owned,Non-foil,false,,,"","",69767
"Castigate",2,"Sorcery",BW,"gpt","106",common,Multicolored,Owned,Non-foil,false,,,"","",23843
"Imperious Oligarch",2,"Creature - Human Cleric",BW,"rna","184",common,Multicolored,Owned,Non-foil,false,,,"","",71368
"Tithe Drinker",2,"Creature - Vampire",BW,"c17","200",common,Multicolored,Owned,Non-foil,false,,,"","",
"Kingpin's Pet",3,"Creature - Thrull",BW,"gtc","173",common,Multicolored,Owned,Non-foil,false,,,"","",47857
"Pillory of the Sleepless",3,"Enchantment - Aura",BW,"a25","213",uncommon,Multicolored,Owned,Non-foil,false,,,"","",67340
"Unmake",3,"Instant",BW,"eve","96",common,Multicolored,Owned,Non-foil,false,,,"","",29966
"Izzet Charm",2,"Instant",RU,"rtr","172",uncommon,Multicolored,Owned,Non-foil,false,,,"","",46433
"Razorfin Hunter",2,"Creature - Merfolk Goblin",RU,"apc","119",common,Multicolored,Owned,Non-foil,false,,,"","",16140
"Bloodwater Entity",3,"Creature - Elemental",RU,"hou","138",uncommon,Multicolored,Owned,Non-foil,false,,,"","",64760
"Wee Dragonauts",3,"Creature - Faerie Wizard",RU,"gpt","137",common,Multicolored,Owned,Non-foil,false,,,"","",23719
"Fire // Ice",4,"Instant",RU,"mh2","290",rare,Multicolored,Owned,Non-foil,false,,,"","",91007
"Izzet Chronarch",5,"Creature - Human Wizard",RU,"cmd","205",common,Multicolored,Owned,Non-foil,false,,,"","",40754
"Elemental Masterpiece",7,"Sorcery",RU,"stx","182",common,Multicolored,Owned,Non-foil,false,,,"","",88871
"Dreg Mangler",3,"Creature - Plant Zombie",BG,"2x2","204",common,Multicolored,Owned,Non-foil,false,,,"","",101892
"Desecrator Hag",4,"Creature - Hag",BG,"cm2","153",common,Multicolored,Owned,Non-foil,false,,,"","",
"Goblin Legionnaire",2,"Creature - Goblin Soldier",RW,"apc","103",common,Multicolored,Owned,Non-foil,false,,,"","",16144
"Tenth District Legionnaire",2,"Creature - Human Soldier",RW,"war","222",uncommon,Multicolored,Owned,Non-foil,false,,,"","",72050
"Foundry Helix",3,"Instant",RW,"mh2","196",common,Multicolored,Owned,Non-foil,false,,,"","",90769
"Skyknight Legionnaire",3,"Creature - Human Knight",RW,"mm3","184",common,Multicolored,Owned,Non-foil,false,,,"","",63063
"Slippery Bogle",1,"Creature - Beast",GU,"eve","160",common,Multicolored,Owned,Non-foil,false,,,"","",29954
"Coiling Oracle",2,"Creature - Snake Elf Druid",GU,"mm3","157",common,Multicolored,Owned,Non-foil,false,,,"","",63071
"Growth Spiral",2,"Instant",GU,"cmr","446",common,Multicolored,Owned,Non-foil,false,,,"","",85702
"Snakeform",3,"Instant",GU,"c15","242",common,Multicolored,Owned,Non-foil,false,,,"","",
"Temporal Spring",3,"Sorcery",GU,"apc","125",common,Multicolored,Owned,Non-foil,false,,,"","",16308
"Wavesifter",5,"Creature - Elemental",GU,"mh2","217",common,Multicolored,Owned,Non-foil,false,,,"","",90815
"Spara's Adjudicators",5,"Creature - Cat Citizen",GUW,"snc","224",common,Multicolored,Owned,Non-foil,false,,,"","",98667
"Shattered Seraph",7,"Creature - Angel Rogue",BUW,"snc","221",common,Multicolored,Owned,Non-foil,false,,,"","",98661
"Glamorous Outlaw",6,"Creature - Vampire Rogue",BRU,"snc","190",common,Multicolored,Owned,Non-foil,false,,,"","",98599
"Masked Bandits",6,"Creature - Raccoon Rogue",BGR,"snc","201",common,Multicolored,Owned,Non-foil,false,,,"","",98621
"Rakish Revelers",5,"Creature - Elf Druid Rogue",GRW,"snc","214",common,Multicolored,Owned,Non-foil,false,,,"","",98647
"Azorius Chancery",0,"Land",UW,"c18","233",uncommon,Lands,Owned,Non-foil,false,,,"","",
"Glacial Floodplain",0,"Snow Land - Plains Island",UW,"khm","257",common,Lands,Owned,Non-foil,false,,,"","",87863
"Razortide Bridge",0,"Artifact Land",UW,"mh2","252",common,Lands,Owned,Non-foil,false,,,"","",90885
"Skybridge Towers",0,"Land",UW,"snc","256",common,Lands,Owned,Non-foil,false,,,"","",98731
"Dimir Aqueduct",0,"Land",BU,"pc2","116",common,Lands,Owned,Non-foil,false,,,"","",45144
"Ice Tunnel",0,"Snow Land - Island Swamp",BU,"khm","262",common,Lands,Owned,Non-foil,false,,,"","",87875
"Mistvault Bridge",0,"Artifact Land",BU,"mh2","249",common,Lands,Owned,Non-foil,false,,,"","",90879
"Waterfront District",0,"Land",BU,"snc","259",common,Lands,Owned,Non-foil,false,,,"","",98737
"Drossforge Bridge",0,"Artifact Land",BR,"mh2","246",common,Lands,Owned,Non-foil,false,,,"","",90873
"Rakdos Carnarium",0,"Land",BR,"cma","266",common,Lands,Owned,Non-foil,false,,,"","",
"Sulfurous Mire",0,"Snow Land - Swamp Mountain",BR,"khm","270",common,Lands,Owned,Non-foil,false,,,"","",87891
"Tramway Station",0,"Land",BR,"snc","258",common,Lands,Owned,Non-foil,false,,,"","",98735
"Gruul Turf",0,"Land",GR,"mm2","244",uncommon,Lands,Owned,Non-foil,false,,,"","",57468
"Highland Forest",0,"Snow Land - Mountain Forest",GR,"khm","261",common,Lands,Owned,Non-foil,false,,,"","",87873
"Racers' Ring",0,"Land",GR,"snc","253",common,Lands,Owned,Non-foil,false,,,"","",98725
"Slagwoods Bridge",0,"Artifact Land",GR,"mh2","256",common,Lands,Owned,Non-foil,false,,,"","",90893
"Arctic Treeline",0,"Snow Land - Forest Plains",GW,"khm","249",common,Lands,Owned,Non-foil,false,,,"","",87841
"Botanical Plaza",0,"Land",GW,"snc","247",common,Lands,Owned,Non-foil,false,,,"","",98713
"Selesnya Sanctuary",0,"Land",GW,"c16","324",uncommon,Lands,Owned,Non-foil,false,,,"","",
"Thornglint Bridge",0,"Artifact Land",GW,"mh2","258",common,Lands,Owned,Non-foil,false,,,"","",90897
"Orzhov Basilica",0,"Land",BW,"cma","264",common,Lands,Owned,Non-foil,false,,,"","",
"Silverquill Campus",0,"Land",BW,"stx","273",common,Lands,Owned,Non-foil,false,,,"","",89053
"Snowfield Sinkhole",0,"Snow Land - Plains Swamp",BW,"khm","269",common,Lands,Owned,Non-foil,false,,,"","",87889
"Izzet Boilerworks",0,"Land",RU,"gk1","47",common,Lands,Owned,Non-foil,false,,,"","",
"Prismari Campus",0,"Land",RU,"stx","270",common,Lands,Owned,Non-foil,false,,,"","",89047
"Volatile Fjord",0,"Snow Land - Island Mountain",RU,"khm","273",common,Lands,Owned,Non-foil,false,,,"","",87897
"Golgari Rot Farm",0,"Land",BG,"rav","278",common,Lands,Owned,Non-foil,false,,,"","",23206
"Witherbloom Campus",0,"Land",BG,"stx","275",common,Lands,Owned,Non-foil,false,,,"","",89057
"Woodland Chasm",0,"Snow Land - Swamp Forest",BG,"khm","274",common,Lands,Owned,Non-foil,false,,,"","",87899
"Alpine Meadow",0,"Snow Land - Mountain Plains",RW,"khm","248",common,Lands,Owned,Non-foil,false,,,"","",87839
"Boros Garrison",0,"Land",RW,"ima","233",uncommon,Lands,Owned,Non-foil,false,,,"","",66345
"Lorehold Campus",0,"Land",RW,"stx","268",common,Lands,Owned,Non-foil,false,,,"","",89043
"Quandrix Campus",0,"Land",GU,"stx","271",common,Lands,Owned,Non-foil,false,,,"","",89049
"Rimewood Falls",0,"Snow Land - Forest Island",GU,"khm","266",common,Lands,Owned,Non-foil,false,,,"","",87883
"Simic Growth Chamber",0,"Land",GU,"c18","282",uncommon,Lands,Owned,Non-foil,false,,,"","",
"Ash Barrens",0,"Land",,"c16","56",common,Lands,Owned,Non-foil,false,,,"","",
"Barren Moor",0,"Land",B,"ddc","58",common,Lands,Owned,Non-foil,false,,,"","",32080
"Black Dragon Gate",0,"Land - Gate",B,"clb","347",common,Lands,Owned,Non-foil,false,,,"","",100732
"Brokers Hideout",0,"Land",,"snc","248",common,Lands,Owned,Non-foil,false,,,"","",98715
"Cabaretti Courtyard",0,"Land",,"snc","249",common,Lands,Owned,Non-foil,false,,,"","",98717
"Citadel Gate",0,"Land - Gate",W,"clb","349",common,Lands,Owned,Non-foil,false,,,"","",100736
"Cliffgate",0,"Land - Gate",R,"clb","350",common,Lands,Owned,Non-foil,false,,,"","",100738
"Cryptic Spires",0,"Land",,"2x2","332",common,Lands,Owned,Non-foil,false,,,"","",102192
"Desert",0,"Land - Desert",,"arn","72",common,Lands,Owned,Non-foil,false,,,"","",
"Evolving Wilds",0,"Land",,"ddo","58",common,Lands,Owned,Non-foil,false,,,"","",
"Forgotten Cave",0,"Land",R,"cmr","483",common,Lands,Owned,Non-foil,false,,,"","",85776
"Lonely Sandbar",0,"Land",U,"mh1","242",uncommon,Lands,Owned,Non-foil,false,,,"","",72856
"Maestros Theater",0,"Land",,"snc","251",common,Lands,Owned,Non-foil,false,,,"","",98721
"Manor Gate",0,"Land - Gate",G,"clb","356",common,Lands,Owned,Non-foil,false,,,"","",100750
"Obscura Storefront",0,"Land",,"snc","252",common,Lands,Owned,Non-foil,false,,,"","",98723
"Riveteers Overlook",0,"Land",,"snc","255",common,Lands,Owned,Non-foil,false,,,"","",98729
"Sea Gate",0,"Land - Gate",U,"clb","359",common,Lands,Owned,Non-foil,false,,,"","",100756
"Secluded Steppe",0,"Land",W,"c20","307",uncommon,Lands,Owned,Non-foil,false,,,"","",
"Terramorphic Expanse",0,"Land",,"cmr","357",common,Lands,Owned,Non-foil,false,,,"","",85496
"Thriving Bluff",0,"Land",R,"jmp","33",common,Lands,Owned,Non-foil,false,,,"","",81813
"Thriving Grove",0,"Land",G,"jmp","34",common,Lands,Owned,Non-foil,false,,,"","",81815
"Thriving Heath",0,"Land",W,"jmp","35",common,Lands,Owned,Non-foil,false,,,"","",81817
"Thriving Isle",0,"Land",U,"jmp","36",common,Lands,Owned,Non-foil,false,,,"","",81819
"Thriving Moor",0,"Land",B,"jmp","37",common,Lands,Owned,Non-foil,false,,,"","",81821
"Tranquil Thicket",0,"Land",G,"cmd","292",common,Lands,Owned,Non-foil,false,,,"","",40683
